Year,Bowler,Economy,TotalRuns,Overs,TotalBalls,TotalWickets,Sixes,Wides,NoBalls,DotBalls,BowledWickets,LbwWickets,HitWicketWickets,CaughtAndBowledWickets,StumpedWickets,raw_FIB
2021,NM Coulter-Nile,6.4,128,20.0,120,7,2,1,1,54,3,1,0,1,0,6.329687004210454
2017,GJ Maxwell,6.578947368421052,125,19.0,114,7,3,1,0,40,2,2,0,0,0,6.458194553049902
2018,IS Sodhi,5.869565217391305,135,23.0,138,5,2,0,0,51,0,1,0,0,0,6.486850894755169
2015,MA Starc,6.790697674418604,292,43.0,258,20,2,16,1,126,10,1,0,0,0,6.572539318412603
2017,SP Narine,6.983050847457627,412,59.0,354,10,6,18,0,141,3,3,0,1,2,6.615743802919274
2020,Rashid Khan,5.335051546391752,345,64.66666666666667,388,20,10,7,0,174,5,4,0,1,1,6.621006680989661
2019,RA Jadeja,6.351851851851852,343,54.0,324,15,10,2,0,130,3,1,0,0,2,6.684418434983383
2016,A Zampa,6.764705882352941,115,17.0,102,12,5,5,0,35,1,1,0,0,2,6.729630332163897
2016,STR Binny,7.882352941176471,134,17.0,102,1,1,2,0,30,0,0,0,0,0,6.756028949618854
2018,K Gowtham,7.8,312,40.0,240,11,9,4,0,94,4,0,0,1,2,6.831176811496849
2020,CV Varun,6.846153846153846,356,52.0,312,17,9,1,0,112,5,1,0,1,0,6.863320547245673
2015,S Aravind,7.333333333333333,132,18.0,108,8,3,2,0,49,3,0,0,1,0,6.869117227930872
2020,DL Chahar,7.615384615384615,396,52.0,312,12,6,9,0,127,5,0,0,2,0,6.897880208226002
2017,Washington Sundar,6.166666666666667,185,30.0,180,8,6,2,0,87,1,1,1,0,1,6.906923175795836
2021,Rashid Khan,6.666666666666667,380,57.0,342,18,9,11,0,141,4,4,0,0,0,6.98477213954876
2017,S Nadeem,6.672897196261682,119,17.833333333333332,107,6,5,3,0,50,0,2,0,0,1,6.99722056338336
2020,AR Patel,6.411764705882353,327,51.0,306,9,7,2,0,102,1,0,0,0,0,7.002310022018565
2021,Mohammed Siraj,6.788461538461538,353,52.0,312,11,6,9,0,156,2,1,0,0,0,7.009530033484086
2015,A Mishra,7.717842323651452,310,40.166666666666664,241,9,11,9,0,85,2,2,0,0,3,7.019048041219764
2021,A Nortje,6.164835164835165,187,30.333333333333332,182,12,2,13,0,89,3,1,0,0,0,7.0214157165159135
2015,MC Henriques,6.32,158,25.0,150,11,2,7,0,67,0,1,0,0,0,7.021603773428694
2015,DW Steyn,8.947368421052632,170,19.0,114,3,3,2,0,41,2,0,0,0,0,7.038725071878996
2017,Rashid Khan,6.62962962962963,358,54.0,324,17,13,6,0,133,7,5,0,0,0,7.048629293571149
2022,Rashid Khan,6.595300261096606,421,63.833333333333336,383,19,16,7,0,130,2,5,0,0,2,7.061319742546267
2017,P Negi,6.124352331606218,197,32.166666666666664,193,16,10,7,0,92,3,0,0,1,3,7.0831677557813135
2025,MJ Santner,7.924050632911392,313,39.5,237,10,10,11,0,89,2,1,1,1,3,7.103308395399303
2016,AB Dinda,7.60655737704918,232,30.5,183,11,3,9,1,94,2,1,0,0,0,7.119785762125554
2018,Rashid Khan,6.735294117647059,458,68.0,408,21,19,3,0,170,7,5,0,0,1,7.125385818706755
2019,Rashid Khan,6.380165289256198,386,60.5,363,17,15,6,0,170,3,5,0,0,1,7.125834357889113
2020,Washington Sundar,5.98,299,50.0,300,8,8,2,1,116,2,0,0,0,0,7.141138600033539
2019,A Mishra,6.75,270,40.0,240,11,10,3,0,86,1,0,0,0,2,7.148226751296713
2018,KH Pandya,7.070539419087138,284,40.166666666666664,241,12,8,5,0,90,0,1,0,1,1,7.151288637310119
2018,Mujeeb Ur Rahman,6.991935483870967,289,41.333333333333336,248,14,9,7,0,99,4,1,0,0,1,7.151750660836239
2016,P Sahu,8.342857142857143,146,17.5,105,3,5,2,0,29,0,1,0,0,1,7.156728721006881
2017,B Kumar,7.070063694267516,370,52.333333333333336,314,26,9,11,1,140,6,2,0,1,0,7.16109960901511
2023,YS Chahal,8.176656151419557,432,52.833333333333336,317,21,15,9,0,106,2,3,0,0,3,7.169207337089612
2020,LH Ferguson,7.426229508196721,151,20.333333333333332,122,8,3,5,1,54,4,0,0,0,0,7.17169425378199
2025,JD Unadkat,7.342657342657343,175,23.833333333333332,143,11,4,3,0,57,1,0,0,2,0,7.177610509753112
2017,KH Pandya,6.85,274,40.0,240,10,7,6,1,82,1,0,0,1,1,7.183054803110062
2023,KH Pandya,7.4523809523809526,313,42.0,252,9,11,1,0,97,3,1,0,0,1,7.185108902342735
2018,A Mishra,7.135135135135135,264,37.0,222,12,10,5,0,78,3,0,0,0,2,7.1991890723900305
2020,TA Boult,8.137931034482758,472,58.0,348,25,11,6,0,163,1,3,0,0,0,7.2048556349155115
2017,CH Morris,7.741935483870968,240,31.0,186,12,7,3,0,75,5,0,0,1,0,7.227520020991523
2017,AJ Tye,6.714285714285714,141,21.0,126,12,4,2,0,51,2,0,0,0,0,7.231561917384869
2021,Ravi Bishnoi,6.388888888888889,230,36.0,216,12,7,5,0,91,5,0,0,0,0,7.232326707469696
2023,PP Chawla,8.114754098360656,495,61.0,366,22,19,5,0,126,5,2,0,0,3,7.234930257184328
2017,JJ Bumrah,7.50828729281768,453,60.333333333333336,362,20,9,12,9,140,7,4,0,1,0,7.252626721187185
2016,Mustafizur Rahman,6.901639344262295,421,61.0,366,17,10,10,0,153,3,1,0,0,0,7.257039313559581
2016,A Mishra,7.521739130434782,346,46.0,276,13,12,12,2,103,2,2,0,1,3,7.262275960745606
2021,AR Patel,6.638297872340425,312,47.0,282,15,13,3,0,105,2,3,0,0,1,7.269672855691621
2020,JJ Bumrah,6.790322580645161,421,62.0,372,29,13,12,1,189,8,3,0,0,0,7.281546463929752
2016,J Yadav,7.352941176470588,125,17.0,102,2,3,2,0,40,1,0,0,0,0,7.286754387282682
2023,RD Chahar,7.751677852348994,385,49.666666666666664,298,8,12,3,0,99,0,2,0,0,1,7.286991615411695
2019,KH Pandya,7.282608695652174,335,46.0,276,12,12,6,0,100,4,1,0,3,1,7.2940912421462265
2015,Harbhajan Singh,7.824561403508772,446,57.0,342,18,15,10,0,126,4,2,0,1,2,7.2959297074551595
2016,CH Morris,7.0227272727272725,309,44.0,264,13,7,14,1,121,7,1,0,0,0,7.298439110899296
2021,CV Varun,6.632352941176471,451,68.0,408,18,14,8,3,157,4,4,0,0,0,7.31681822786368
2015,Sandeep Sharma,7.02,351,50.0,300,13,10,11,1,158,3,4,0,0,0,7.319700097781888
2022,MJ Santner,6.842105263157895,130,19.0,114,4,4,0,0,43,0,0,0,1,0,7.321317590187096
2016,TG Southee,7.651162790697675,329,43.0,258,9,7,10,0,113,2,1,0,1,0,7.3304646109725455
2016,B Kumar,7.4393939393939394,491,66.0,396,23,8,24,1,186,6,1,0,1,0,7.332826616209133
2019,JJ Bumrah,6.754010695187166,421,62.333333333333336,374,20,11,9,4,175,3,3,0,0,0,7.333182855076658
2015,JP Duminy,7.411764705882353,126,17.0,102,8,4,5,0,39,3,1,0,1,0,7.33523007006978
2025,JJ Bumrah,6.676056338028169,316,47.333333333333336,284,18,12,5,0,133,8,1,0,0,0,7.3355343857881055
2016,MP Stoinis,8.434782608695652,194,23.0,138,8,4,3,0,46,1,0,0,0,0,7.335964932175607
2018,S Kaul,8.303030303030303,548,66.0,396,21,14,6,1,137,4,2,0,0,0,7.340839364954848
2018,BA Stokes,8.216216216216216,304,37.0,222,8,4,10,1,87,1,0,0,0,0,7.354506773645879
2019,DL Chahar,7.51937984496124,485,64.5,387,22,12,13,3,201,2,5,0,0,0,7.362094568060453
2015,Z Khan,6.455172413793103,156,24.166666666666668,145,7,2,11,0,86,0,1,0,0,0,7.381073205396389
2020,RD Chahar,8.169811320754716,433,53.0,318,15,19,5,0,109,2,1,0,1,4,7.382237017942826
2018,PP Chawla,8.408163265306122,412,49.0,294,14,15,2,0,112,3,0,0,1,2,7.387190867163213
2022,JJ Bumrah,7.199999999999999,384,53.333333333333336,320,15,11,7,1,145,4,1,0,1,0,7.387639825143482
2022,SP Narine,5.571428571428571,312,56.0,336,9,12,7,0,148,2,2,0,1,0,7.39078823068799
2015,PP Chawla,7.685714285714286,269,35.0,210,11,11,7,0,70,3,1,0,0,2,7.407022439434172
2020,M Ashwin,7.4603174603174605,235,31.5,189,10,9,2,0,72,5,1,0,0,0,7.414684880373281
2019,I Sharma,7.586956521739131,349,46.0,276,13,7,12,0,131,3,0,0,0,0,7.416732955265493
2015,RS Bopara,8.0,160,20.0,120,6,3,7,0,43,2,0,0,1,0,7.424805203206311
2016,DS Kulkarni,7.428571428571429,364,49.0,294,18,11,3,0,134,3,0,0,0,0,7.444799057550941
2021,SP Narine,6.482142857142857,363,56.0,336,16,15,8,2,137,5,3,0,0,1,7.44709491875783
2019,MM Ali,6.76,169,25.0,150,6,8,1,0,64,1,3,0,0,0,7.463962080490416
2023,Ravi Bishnoi,7.782178217821782,393,50.5,303,16,16,9,2,104,1,3,0,1,3,7.463987738701973
2022,KH Pandya,6.973684210526316,265,38.0,228,10,8,4,0,76,0,1,0,0,0,7.486674956112027
2019,Mohammad Nabi,6.651428571428571,194,29.166666666666668,175,8,9,0,0,69,1,0,0,0,1,7.489306562897567
2015,D Wiese,8.338582677165354,353,42.333333333333336,254,16,8,9,0,85,1,1,0,1,0,7.496639592110092
2018,M Markande,8.363636363636363,368,44.0,264,15,17,4,0,91,3,4,0,0,2,7.498207389199161
2017,A Nehra,9.307086614173228,197,21.166666666666668,127,8,4,5,0,53,2,0,0,0,0,7.506323750546597
2023,I Sharma,8.28,207,25.0,150,10,3,9,1,75,2,0,0,0,0,7.50673776120249
2015,A Nehra,7.258064516129032,450,62.0,372,22,13,13,1,187,3,3,0,0,0,7.5156311927644
2017,Z Khan,7.792531120331951,313,40.166666666666664,241,10,8,5,0,84,1,0,0,0,0,7.516143784390229
2023,TA Boult,8.210526315789474,312,38.0,228,13,8,12,0,114,3,2,0,2,0,7.516575771855655
2017,MG Johnson,7.05,141,20.0,120,7,3,6,0,63,1,0,0,0,0,7.520437947020293
2021,LH Ferguson,7.533333333333333,226,30.0,180,13,6,6,2,81,3,1,0,0,0,7.523951422243141
2020,Sandeep Sharma,7.1923076923076925,374,52.0,312,14,13,5,0,124,4,1,0,0,0,7.535404430636535
2023,Harpreet Brar,8.024539877300613,218,27.166666666666668,163,9,7,3,0,61,2,1,0,0,0,7.5369767188073125
2021,Shivam Mavi,7.33678756476684,236,32.166666666666664,193,11,4,11,3,100,4,0,0,0,0,7.537213468509081
2016,Z Khan,7.7175572519083975,337,43.666666666666664,262,10,7,13,0,121,1,1,0,0,0,7.539655909798954
2021,Harpreet Brar,6.043478260869565,139,23.0,138,5,5,5,0,59,3,0,0,0,0,7.54248931113239
2024,AR Patel,7.659090909090909,337,44.0,264,11,15,1,0,81,4,1,0,2,1,7.542594609272955
2022,Mustafizur Rahman,7.625,244,32.0,192,8,6,7,0,83,2,0,0,0,0,7.543003980540537
2015,SL Malinga,7.466666666666667,448,60.0,360,24,9,19,4,164,6,1,0,0,0,7.544059533060272
2015,R Ashwin,5.871794871794871,229,39.0,234,10,10,9,1,121,1,0,0,0,2,7.553591261261315
2015,DS Kulkarni,7.942857142857143,278,35.0,210,13,4,16,1,110,1,1,0,2,0,7.5544220184146
2016,KH Pandya,7.572192513368984,236,31.166666666666668,187,6,6,11,0,62,1,0,0,0,1,7.55550250490386
2019,Imran Tahir,6.699481865284975,431,64.33333333333333,386,26,18,5,0,151,2,1,0,3,1,7.5614510736569285
2020,S Nadeem,8.227272727272727,181,22.0,132,5,4,5,3,33,0,0,0,0,1,7.563265423514581
2017,Harbhajan Singh,6.487804878048781,266,41.0,246,8,10,1,0,99,1,0,0,0,0,7.575322038621777
2019,M Ashwin,7.529411764705882,256,34.0,204,5,6,8,1,66,0,1,0,1,0,7.578900470382892
2015,AD Mathews,8.2,246,30.0,180,7,6,5,0,69,1,0,0,0,0,7.5840458400731645
2021,KK Ahmed,8.148148148148149,220,27.0,162,5,4,6,1,61,0,0,0,0,0,7.585604019855226
2016,Sandeep Sharma,7.32,366,50.0,300,15,12,9,0,141,2,0,0,0,1,7.599786538795607
2016,MM Sharma,8.391752577319588,407,48.5,291,13,9,13,0,113,3,0,0,1,0,7.602911601604771
2020,JO Holder,8.321428571428571,233,28.0,168,14,5,8,0,66,2,0,0,0,0,7.602920760514109
2017,SN Thakur,8.253275109170307,315,38.166666666666664,229,11,5,14,0,99,1,0,0,0,0,7.60396288658192
2016,SP Narine,7.125,304,42.666666666666664,256,11,11,10,0,119,3,3,0,1,0,7.609313211549573
2021,YS Chahal,7.056603773584905,374,53.0,318,18,17,5,0,132,3,3,0,0,1,7.609604287356323
2020,YS Chahal,7.1195335276967935,407,57.166666666666664,343,21,16,8,2,121,6,1,0,1,1,7.611712034047246
2017,PJ Cummins,8.101083032490974,374,46.166666666666664,277,15,9,12,1,110,5,0,0,0,0,7.615469215820434
2023,M Theekshana,8.0,392,49.0,294,11,13,5,0,91,4,1,0,0,0,7.618259118834967
2015,IC Pandey,7.193548387096774,223,31.0,186,11,8,3,0,98,3,0,0,0,0,7.620282188422783
2017,S Badree,7.52,188,25.0,150,9,8,2,0,65,2,2,0,0,0,7.6243708576483815
2022,HH Pandya,7.311475409836065,223,30.5,183,8,6,6,1,82,1,0,0,2,0,7.628146268599522
2022,M Theekshana,7.457142857142857,261,35.0,210,12,11,2,0,70,3,2,0,0,0,7.634729065753517
2017,Kuldeep Yadav,8.292682926829269,340,41.0,246,12,18,5,0,80,0,2,0,0,4,7.639186877841565
2019,K Rabada,7.8125,375,48.0,288,26,10,12,0,125,4,0,0,1,0,7.644016412650519
2023,RA Jadeja,7.56140350877193,431,57.0,342,20,20,11,0,113,5,1,0,2,3,7.650009201897187
2021,Mohammed Shami,7.537974683544304,397,52.666666666666664,316,19,14,7,2,151,5,2,0,1,0,7.652208097930553
2017,HH Pandya,8.192307692307692,213,26.0,156,6,6,6,0,57,3,0,0,0,0,7.683972670849688
2023,M Markande,7.894736842105263,300,38.0,228,12,12,3,0,78,3,2,0,1,0,7.687243897704366
2024,SP Narine,6.6909090909090905,368,55.0,330,17,17,5,0,131,4,3,0,1,0,7.69089283462747
2020,Shivam Mavi,8.153846153846153,212,26.0,156,9,5,6,0,69,0,0,0,1,0,7.697077509341062
2017,DT Christian,7.45,298,40.0,240,11,9,9,0,88,0,2,0,0,0,7.7022145846020225
2017,SR Watson,9.130434782608695,245,26.833333333333332,161,5,7,4,0,52,3,0,0,0,0,7.703256517758773
2022,Mohsin Khan,5.96969696969697,197,33.0,198,14,5,12,0,115,1,0,0,0,0,7.705551776646927
2021,Shakib Al Hasan,7.1923076923076925,187,26.0,156,4,9,2,0,51,2,0,0,0,1,7.70584432478052
2024,Sandeep Sharma,8.18421052631579,311,38.0,228,13,9,8,0,83,2,1,0,0,0,7.716776564249208
2016,YS Chahal,8.176271186440678,402,49.166666666666664,295,21,15,17,1,117,2,2,0,0,3,7.717807535535723
2015,HV Patel,7.482889733840304,328,43.833333333333336,263,17,11,9,0,120,2,2,0,0,0,7.7180016301454435
2021,RD Chahar,7.395348837209302,318,43.0,258,13,15,3,0,96,1,0,0,1,2,7.71821224985316
2015,GB Hogg,6.857142857142857,144,21.0,126,9,9,2,0,55,3,1,0,0,1,7.7343588602466244
2016,P Kumar,7.786407766990291,401,51.5,309,9,9,18,0,149,3,0,0,0,0,7.741326829236685
2023,Noor Ahmad,7.8445229681978805,370,47.166666666666664,283,16,13,16,1,118,3,1,0,1,2,7.7473058164029815
2019,AR Patel,7.137254901960785,364,51.0,306,10,17,1,0,111,1,1,0,1,1,7.756679224437257
2016,PP Chawla,7.754716981132075,274,35.333333333333336,212,11,12,8,1,85,3,3,0,0,1,7.758399670190847
2015,B Kumar,7.87741935483871,407,51.666666666666664,310,18,14,14,0,147,8,1,0,1,0,7.782500575823173
2020,R Ashwin,7.666666666666667,391,51.0,306,13,14,6,0,107,2,1,0,1,0,7.784683875307881
2023,B Kumar,8.333333333333334,425,51.0,306,16,11,17,0,141,2,2,0,1,0,7.78783892970577
2022,Arshdeep Singh,7.78,389,50.0,300,10,6,21,4,125,3,0,0,0,0,7.791085150873845
2016,S Aravind,7.405714285714286,216,29.166666666666668,175,11,6,11,0,75,2,1,0,0,0,7.794211084387208
2020,DJ Bravo,8.571428571428571,180,21.0,126,6,3,9,0,44,0,0,0,1,0,7.794216992564438
2018,Harbhajan Singh,8.481675392670157,270,31.833333333333332,191,7,13,2,0,70,2,0,0,0,2,7.797803008250247
2021,RA Jadeja,7.1020408163265305,348,49.0,294,13,14,6,2,109,4,2,0,0,0,7.8012491225250535
2018,L Ngidi,6.0,156,26.0,156,11,6,7,0,86,2,0,0,1,0,7.802968298548853
2017,TA Boult,9.062937062937063,216,23.833333333333332,143,5,5,5,0,63,0,0,0,0,0,7.81002064094197
2017,NM Coulter-Nile,8.152941176470588,231,28.333333333333332,170,15,6,8,3,82,1,2,0,1,0,7.812500839390269
2015,PV Tambe,7.823529411764706,266,34.0,204,7,12,0,0,70,3,1,0,1,0,7.820962135096519
2019,S Gopal,7.25,348,48.0,288,20,17,1,1,107,2,1,0,2,1,7.83325939481239
2017,BA Stokes,7.181818181818182,316,44.0,264,12,11,11,0,126,5,0,0,0,0,7.837574051046706
2023,Rashid Khan,8.238805970149254,552,67.0,402,27,26,5,0,139,8,6,0,1,0,7.843086596625819
2018,JJ Bumrah,6.925925925925926,374,54.0,324,17,11,13,2,141,2,0,0,0,0,7.85002556722405
2019,RD Chahar,6.553191489361702,308,47.0,282,13,16,5,0,130,3,1,0,0,1,7.8614199623703085
2021,DL Chahar,8.351851851851851,451,54.0,324,14,13,15,0,147,2,2,0,0,0,7.864151964910035
2026,B Kumar,7.968253968253968,502,63.0,378,28,16,14,1,164,5,1,0,0,0,7.8644950533416
2019,Harbhajan Singh,7.090909090909091,312,44.0,264,16,15,7,0,122,1,0,0,1,2,7.864837243640043
2017,KV Sharma,6.978260869565217,214,30.666666666666668,184,13,11,5,0,83,0,2,0,1,1,7.867995174572686
2021,JD Unadkat,7.636363636363637,168,22.0,132,4,6,2,0,54,0,0,0,1,0,7.871398691611917
2021,Avesh Khan,7.39344262295082,451,61.0,366,24,15,18,1,172,7,1,0,0,0,7.8740528532966465
2018,S Gopal,7.612903225806452,236,31.0,186,11,15,2,0,70,0,0,0,3,3,7.876005888641057
2019,DJ Bravo,8.064777327935223,332,41.166666666666664,247,11,6,16,2,88,1,0,0,0,0,7.8763785574750305
2018,SP Narine,7.655737704918033,467,61.0,366,17,20,5,0,142,5,2,0,0,0,7.881963628027126
2016,R Ashwin,7.25,319,44.0,264,10,10,20,0,109,1,2,0,0,1,7.881978405922978
2020,M Prasidh Krishna,9.428571428571429,165,17.5,105,4,4,3,2,39,2,0,0,0,0,7.88261197668552
2018,RA Jadeja,7.390243902439025,303,41.0,246,11,12,8,0,86,5,0,0,2,0,7.884547723317244
2020,SM Curran,8.238095238095237,346,42.0,252,13,8,13,2,102,0,1,0,1,0,7.893126397209786
2022,AR Patel,7.465116279069767,321,43.0,258,6,15,4,0,89,2,1,0,0,1,7.89539214775638
2016,Iqbal Abdulla,8.52,213,25.0,150,6,6,5,0,43,0,0,0,1,0,7.90831221501836
2022,Kuldeep Yadav,8.436241610738255,419,49.666666666666664,298,21,22,8,0,105,5,2,0,1,3,7.915563212224166
2017,AR Patel,7.541666666666667,362,48.0,288,15,17,6,0,92,5,0,0,2,1,7.919292308794492
2019,R Ashwin,7.2727272727272725,400,55.0,330,15,15,12,0,112,4,1,0,0,0,7.925295788691354
2016,AD Russell,7.972602739726027,291,36.5,219,15,11,9,0,102,1,3,0,1,0,7.932894585038894
2020,CH Morris,6.631578947368421,210,31.666666666666668,190,11,6,14,0,105,1,1,0,0,0,7.935170709194367
2021,MM Ali,6.394736842105264,162,25.333333333333332,152,6,8,2,1,52,1,1,0,1,0,7.939944089729366
2024,JJ Bumrah,6.559485530546623,340,51.833333333333336,311,20,10,21,4,163,6,1,0,0,0,7.9468732960239095
2021,JO Holder,7.7591623036649215,247,31.833333333333332,191,16,5,16,0,87,0,1,0,0,0,7.949058443822329
2016,Shakib Al Hasan,7.838709677419355,243,31.0,186,5,9,4,0,65,2,0,0,0,0,7.951345811457926
2019,Sandeep Sharma,8.25,352,42.666666666666664,256,12,12,9,0,91,1,2,0,0,0,7.953734699620049
2025,Kuldeep Yadav,7.377358490566038,391,53.0,318,15,15,6,1,113,1,1,0,0,0,7.960701052089256
2026,JO Holder,7.591304347826086,291,38.333333333333336,230,17,11,6,1,100,4,0,0,0,0,7.961785137356836
2019,HF Gurney,8.851851851851851,239,27.0,162,7,7,7,1,57,0,2,0,0,0,7.965312356641341
2026,SP Narine,6.601941747572815,340,51.5,309,17,18,0,0,139,4,0,0,1,0,7.974558966354506
2022,TA Boult,7.935483870967742,492,62.0,372,16,16,19,0,191,2,3,0,0,0,7.981943728052407
2020,JL Pattinson,9.014084507042254,320,35.5,213,11,10,9,0,87,1,2,0,0,0,7.986721519713499
2016,DJ Bravo,8.839285714285714,495,56.0,336,17,16,13,1,109,5,1,0,2,0,7.988909658645965
2017,Imran Tahir,7.872340425531915,370,47.0,282,18,20,5,1,98,8,2,0,2,1,7.990513440109981
2024,RA Jadeja,7.872340425531915,370,47.0,282,8,14,3,1,77,0,1,0,0,0,7.990941640628067
2025,A Kamboj,8.046511627906977,173,21.5,129,8,8,1,1,57,3,1,0,0,0,7.993023277185977
2025,CV Varun,7.66,383,50.0,300,17,16,8,0,125,7,0,0,0,0,7.995253823928895
2016,AR Patel,8.11149825783972,388,47.833333333333336,287,13,17,7,0,105,6,0,1,0,1,8.003433436186572
2019,S Lamichhane,9.130434782608695,210,23.0,138,8,13,0,0,47,0,2,0,1,2,8.00846479353035
2015,J Suchith,8.64102564102564,337,39.0,234,10,13,7,0,76,2,0,0,1,1,8.008944115397247
2020,KH Pandya,7.574750830564785,380,50.166666666666664,301,6,11,20,0,114,1,2,0,0,0,8.01185943692962
2017,VR Aaron,8.2,164,20.0,120,7,4,9,1,63,1,1,0,0,0,8.025368518333138
2016,R Bhatia,7.205882352941177,245,34.0,204,6,11,4,1,62,1,2,0,0,0,8.026336672021763
2023,A Mishra,7.842105263157895,149,19.0,114,7,6,1,0,33,0,0,0,1,0,8.033028286772225
2016,JJ Bumrah,7.884615384615385,410,52.0,312,15,13,10,4,124,4,0,0,0,0,8.034402265341319
2026,Rasikh Salam,9.501945525291829,407,42.833333333333336,257,19,10,15,2,98,5,0,0,1,0,8.035393967603431
2015,MM Sharma,8.473684210526315,483,57.0,342,14,15,8,2,128,1,0,0,0,0,8.035398068289911
2018,Sandeep Sharma,7.568181818181818,333,44.0,264,12,14,9,0,125,2,2,0,2,0,8.041180127155645
2023,PWH de Silva,8.89655172413793,258,29.0,174,9,15,2,0,56,2,2,0,0,2,8.041603589706485
2019,CH Morris,9.333333333333334,308,33.0,198,13,10,8,2,75,3,2,0,1,0,8.042030557651117
2016,RA Jadeja,7.767634854771785,312,40.166666666666664,241,8,14,6,1,85,2,1,0,0,1,8.043450091370849
2023,A Zampa,8.545454545454545,188,22.0,132,8,8,2,0,41,0,2,0,0,0,8.0486126848855
2019,SP Narine,7.827067669172932,347,44.333333333333336,266,10,13,11,0,103,2,2,0,0,0,8.050741289055502
2021,B Kumar,7.976190476190476,335,42.0,252,6,12,7,0,110,0,1,0,0,0,8.053904756174857
2015,SP Narine,7.3125,234,32.0,192,7,11,4,0,84,4,0,0,1,0,8.05583152227062
2020,T Natarajan,8.037135278514588,505,62.833333333333336,377,16,19,12,1,147,5,1,0,1,0,8.058161636903243
2015,R Vinay Kumar,8.482758620689655,369,43.5,261,7,12,5,1,99,0,0,0,0,0,8.067164485737223
2021,S Kaul,8.266666666666667,248,30.0,180,7,9,1,1,70,0,0,0,0,0,8.072904957318178
2021,R Tewatia,9.18918918918919,340,37.0,222,8,16,7,0,57,1,0,0,0,3,8.073290135574416
2023,T Natarajan,9.11111111111111,410,45.0,270,10,14,6,0,81,1,1,0,0,0,8.08523923496027
2021,Sandeep Sharma,8.680851063829786,204,23.5,141,3,7,4,1,55,2,0,0,1,0,8.087476504864918
2024,Azmatullah Omarzai,8.857142857142858,186,21.0,126,4,6,5,0,62,0,1,0,0,0,8.089002631394754
2022,R Dhawan,8.210526315789474,156,19.0,114,6,5,5,0,38,1,0,0,0,0,8.092386873276538
2018,AJ Tye,8.035714285714286,450,56.0,336,24,13,17,2,132,3,0,0,0,0,8.094206004230749
2017,JD Unadkat,7.025454545454545,322,45.833333333333336,275,24,17,4,0,130,5,0,0,4,0,8.098047242222625
2018,YS Chahal,7.32,366,50.0,300,12,16,17,3,141,6,0,0,1,2,8.098921075959485
2025,Arshdeep Singh,8.879999999999999,518,58.333333333333336,350,21,15,22,0,154,2,3,0,0,0,8.098982900221282
2018,AR Patel,8.384615384615385,218,26.0,156,3,8,2,0,43,0,0,0,0,0,8.108888595726112
2019,K Gowtham,8.3,166,20.0,120,1,6,2,0,40,0,0,0,0,0,8.1106416654996
2018,R Ashwin,8.092105263157896,410,50.666666666666664,304,10,16,11,0,87,1,3,0,0,0,8.118644473893676
2016,NLTC Perera,9.829145728643217,326,33.166666666666664,199,9,11,3,0,59,2,0,0,0,0,8.123065243484652
2023,AR Patel,7.191489361702128,338,47.0,282,11,15,10,0,111,4,1,0,0,0,8.13703358434724
2016,MC Henriques,7.980769230769231,415,52.0,312,12,16,6,0,97,1,0,0,0,0,8.137552630244919
2023,Washington Sundar,8.264150943396226,146,17.666666666666668,106,3,6,0,0,35,0,0,0,0,0,8.139289064526796
2017,Sandeep Sharma,8.3125,399,48.0,288,17,14,12,1,131,3,1,0,1,0,8.141924454159822
2024,TA Boult,8.30625,443,53.333333333333336,320,16,14,18,0,150,3,1,0,0,0,8.14330537474713
2015,TA Boult,8.428571428571429,236,28.0,168,9,6,14,0,87,3,0,0,0,0,8.147239764108708
2019,B Kumar,7.830508474576271,462,59.0,354,13,16,14,1,180,1,1,0,0,0,8.14826823717268
2021,JJ Bumrah,7.545454545454546,415,55.0,330,21,11,26,5,157,2,3,0,2,0,8.150290061423021
2024,Harpreet Brar,7.973684210526316,303,38.0,228,7,13,6,0,76,3,1,0,0,0,8.15241169808058
2021,TA Boult,7.928571428571428,407,51.333333333333336,308,13,17,13,1,146,6,2,0,1,0,8.156071056408928
2021,Arshdeep Singh,8.274193548387096,342,41.333333333333336,248,18,11,15,0,103,3,0,0,3,0,8.156683474954805
2015,STR Binny,7.368421052631579,140,19.0,114,4,6,5,0,64,1,1,0,0,0,8.157976962154557
2022,UT Yadav,7.166666666666667,344,48.0,288,16,13,9,5,151,2,1,0,2,0,8.15838863344241
2017,DS Kulkarni,9.185840707964603,173,18.833333333333332,113,3,5,5,0,40,0,0,0,1,0,8.167539018627544
2024,M Theekshana,7.2,144,20.0,120,2,7,1,0,47,1,0,0,0,0,8.17377320172083
2016,A Nehra,7.653846153846154,199,26.0,156,9,7,7,0,78,1,0,0,0,0,8.174982013631164
2016,Harbhajan Singh,8.0,392,49.0,294,9,16,6,0,96,2,0,0,1,0,8.1774866965238
2020,PJ Cummins,7.865384615384615,409,52.0,312,12,15,16,0,149,4,1,0,0,0,8.179471838350993
2020,A Nortje,8.39344262295082,512,61.0,366,22,22,10,0,170,8,1,0,0,0,8.18551907159137
2020,JC Archer,6.574850299401198,366,55.666666666666664,334,20,18,10,2,185,6,0,0,2,0,8.186733376939525
2022,MM Ali,6.62937062937063,158,23.833333333333332,143,8,9,3,0,59,4,0,0,0,0,8.189502737063872
2023,R Ashwin,7.510204081632653,368,49.0,294,14,14,16,0,105,2,2,0,0,0,8.19415003817738
2019,Mohammed Shami,8.703703703703704,470,54.0,324,19,19,8,1,126,6,1,0,0,0,8.196813341294126
2023,SP Narine,7.979166666666667,383,48.0,288,11,15,9,0,95,3,0,0,0,0,8.200951039303805
2020,R Tewatia,7.130434782608695,328,46.0,276,10,16,10,2,104,1,0,0,0,2,8.202179260424696
2017,RA Jadeja,9.18421052631579,349,38.0,228,5,15,1,0,61,1,2,0,0,0,8.205860472327423
2025,E Malinga,8.924999999999999,238,26.666666666666668,160,13,10,5,0,61,0,2,0,3,0,8.220629305954988
2015,UT Yadav,9.142857142857142,384,42.0,252,10,10,15,2,110,3,0,0,0,0,8.224851776787473
2018,Shakib Al Hasan,8.0,456,57.0,342,14,20,5,0,101,1,1,0,1,0,8.231486391197235
2022,Mohammed Shami,8.0,488,61.0,366,20,17,28,0,184,6,3,0,0,0,8.23639706303212
2023,Naveen-ul-Haq,7.857142857142857,220,28.0,168,11,9,6,2,74,3,1,0,0,0,8.237240173033605
2025,Noor Ahmad,8.22,411,50.0,300,24,18,22,3,119,6,1,0,0,3,8.242208821924008
2021,R Ashwin,7.432835820895523,332,44.666666666666664,268,7,15,10,1,104,0,1,0,1,1,8.244374732525745
2024,KH Pandya,7.7272727272727275,255,33.0,198,6,9,15,0,65,1,0,0,0,1,8.245142543297044
2025,DS Rathi,8.288461538461538,431,52.0,312,14,14,13,2,106,2,0,0,0,0,8.24664543861049
2017,PP Chawla,8.95,179,20.0,120,6,9,2,0,38,4,1,0,0,0,8.248578282213625
2016,MJ McClenaghan,8.19375,437,53.333333333333336,320,17,16,12,1,149,4,0,1,0,0,8.252959914093122
2017,PJ Sangwan,10.055555555555555,181,18.0,108,5,7,2,0,48,1,1,0,0,0,8.25508622335117
2019,JC Archer,6.790697674418604,292,43.0,258,11,14,5,2,126,1,1,0,0,0,8.260419564930528
2023,NT Ellis,8.973684210526315,341,38.0,228,13,13,6,2,71,3,1,0,1,0,8.266019956524643
2022,Ravi Bishnoi,8.5,459,54.0,324,13,17,16,3,128,4,1,0,0,1,8.269852723866634
2026,RA Jadeja,8.393939393939394,277,33.0,198,10,13,4,0,57,0,3,0,0,0,8.283755161123693
2024,M Pathirana,7.681818181818182,169,22.0,132,13,5,15,0,67,5,0,0,0,0,8.284436533434521
2017,CR Woakes,8.772727272727273,386,44.0,264,17,14,14,0,107,4,1,0,1,0,8.288926356514468
2015,CH Morris,7.5813953488372094,326,43.0,258,14,11,17,1,133,2,1,0,0,0,8.290871380174186
2016,UT Yadav,9.076923076923077,236,26.0,156,10,9,7,2,58,3,2,0,0,0,8.298415878109441
2022,R Ashwin,7.522388059701493,504,67.0,402,12,20,18,1,138,3,1,0,0,0,8.302044495233869
2023,Akash Madhwal,8.784313725490197,224,25.5,153,14,9,7,5,56,5,3,0,0,0,8.303126417728409
2021,DT Christian,9.299999999999999,155,16.666666666666668,100,4,5,4,0,33,0,0,0,1,0,8.305830624544837
2017,Basil Thampi,9.492537313432836,424,44.666666666666664,268,11,17,10,0,89,2,4,0,0,0,8.305925979793056
2022,YS Chahal,7.75,527,68.0,408,27,27,21,0,158,5,4,0,0,2,8.306773103303314
2018,UT Yadav,7.899686520376176,420,53.166666666666664,319,20,19,12,2,159,5,3,0,0,0,8.309634206446809
2015,P Negi,8.4,252,30.0,180,6,12,3,0,60,0,0,0,0,1,8.31240810517915
2016,BB Sran,8.343434343434344,413,49.5,297,14,14,15,0,126,2,0,0,0,0,8.315973473338758
2022,VG Arora,9.19626168224299,164,17.833333333333332,107,3,6,3,0,42,1,0,0,0,0,8.31655450448029
2023,MM Sharma,8.173584905660379,361,44.166666666666664,265,27,16,3,0,90,1,0,0,1,0,8.316887865346065
2015,NM Coulter-Nile,7.576470588235294,322,42.5,255,15,13,9,1,133,2,0,0,0,0,8.317256589381646
2020,Ravi Bishnoi,7.372549019607843,376,51.0,306,12,17,14,0,134,3,2,0,0,0,8.32684132974806
2022,RA Jadeja,7.515151515151516,248,33.0,198,5,11,5,0,70,1,0,0,0,0,8.32974898086868
2024,Rashid Khan,8.404580152671755,367,43.666666666666664,262,10,20,0,0,84,2,1,0,0,1,8.346175800536725
2022,Avesh Khan,8.748251748251748,417,47.666666666666664,286,18,13,18,1,139,4,0,0,0,0,8.357829512664637
2015,M Morkel,7.392857142857143,207,28.0,168,10,8,6,1,85,0,0,0,0,0,8.358736635827903
2020,Mohammed Shami,8.527272727272727,469,55.0,330,20,15,20,1,154,2,1,0,0,0,8.358812914455894
2018,TG Southee,9.03448275862069,262,29.0,174,5,9,9,1,67,2,1,0,0,0,8.360589933630282
2015,DJ Bravo,8.159235668789808,427,52.333333333333336,314,26,17,10,1,106,2,0,0,1,0,8.367821405413538
2017,Mohammed Siraj,9.217391304347826,212,23.0,138,10,9,3,0,53,3,0,0,0,0,8.371072166950698
2023,Kuldeep Yadav,7.36734693877551,361,49.0,294,10,18,6,0,92,1,1,0,1,0,8.371614937466012
2019,M Prasidh Krishna,9.459677419354838,391,41.333333333333336,248,5,10,13,4,108,0,1,0,0,0,8.372060976567727
2017,JP Faulkner,9.901840490797545,269,27.166666666666668,163,8,10,1,0,44,0,0,0,0,0,8.376893351626823
2020,SP Narine,7.947368421052632,302,38.0,228,5,15,2,0,69,1,1,0,0,0,8.377268104621585
2023,Avesh Khan,9.758620689655173,283,29.0,174,8,9,6,0,63,0,0,0,0,0,8.383718598784007
2020,SN Thakur,8.56701030927835,277,32.333333333333336,194,10,8,9,2,76,0,0,1,0,0,8.385006058468296
2015,RA Jadeja,7.734375,330,42.666666666666664,256,11,17,2,0,90,3,0,0,0,0,8.395820903168929
2019,YS Chahal,7.824324324324324,386,49.333333333333336,296,18,22,12,0,129,4,2,0,0,2,8.396179115617452
2023,Mohammed Shami,8.046153846153846,523,65.0,390,28,21,18,2,206,5,1,0,1,0,8.401298981483908
2022,KK Ahmed,8.068085106382979,316,39.166666666666664,235,16,13,7,1,117,0,1,0,0,0,8.40951111628568
2026,L Ngidi,8.225806451612902,340,41.333333333333336,248,13,16,7,0,103,2,2,0,0,0,8.411387113289466
2022,RD Chahar,7.714285714285714,360,46.666666666666664,280,14,14,16,0,109,1,1,0,1,0,8.415042893886344
2025,Harpreet Brar,8.681818181818182,191,22.0,132,10,9,2,1,41,2,1,0,0,0,8.418364925846317
2020,K Rabada,8.327455919395465,551,66.16666666666667,397,32,21,17,2,175,5,0,0,0,0,8.421504347004817
2019,GC Viljoen,9.652173913043478,222,23.0,138,7,6,12,0,55,1,1,0,0,0,8.42210036597432
2018,TA Boult,8.867088607594937,467,52.666666666666664,316,18,18,12,1,128,5,0,0,0,0,8.423349972261274
2020,S Gopal,8.54,427,50.0,300,10,19,5,0,91,1,1,0,0,0,8.431268578464087
2022,PWH de Silva,7.543859649122807,430,57.0,342,26,30,5,0,147,4,4,0,2,2,8.454141245525939
2016,M Ashwin,8.456140350877194,241,28.5,171,7,12,7,0,63,1,1,0,0,1,8.458484797469874
2021,Mustafizur Rahman,8.45016077170418,438,51.833333333333336,311,14,15,20,2,128,5,0,0,1,0,8.462126383965439
2018,M Prasidh Krishna,9.285714285714286,260,28.0,168,10,10,9,0,69,1,2,0,0,0,8.470099286584398
2025,TA Boult,8.965317919075146,517,57.666666666666664,346,22,22,15,0,138,5,3,1,0,0,8.472828572997761
2017,S Kaul,8.439252336448599,301,35.666666666666664,214,16,13,7,1,75,4,0,0,0,0,8.47398047645693
2021,JR Hazlewood,8.371428571428572,293,35.0,210,11,13,5,0,92,0,1,0,0,0,8.478806358713115
2017,Ankit Soni,7.9266055045871555,144,18.166666666666668,109,2,7,3,0,41,0,1,0,0,0,8.483783927348469
2022,GJ Maxwell,6.875,165,24.0,144,6,11,2,0,65,3,1,0,0,0,8.488703501719337
2024,K Rabada,8.857142857142858,372,42.0,252,11,15,10,0,111,2,1,0,0,0,8.488965802630178
2023,MM Ali,7.5,195,26.0,156,9,12,1,0,58,2,1,0,1,0,8.4983074564468
2020,PP Chawla,9.142857142857142,192,21.0,126,6,10,2,1,38,0,1,0,0,1,8.502659453661295
2023,Sandeep Sharma,8.695652173913043,400,46.0,276,10,13,14,4,109,3,0,0,0,0,8.50406787047866
2023,Arshdeep Singh,9.698360655737705,493,50.833333333333336,305,17,16,19,0,133,3,1,0,0,0,8.5057740048487
2023,CV Varun,8.145569620253164,429,52.666666666666664,316,20,22,12,0,131,7,2,0,1,0,8.513416458280307
2024,DL Chahar,8.595744680851064,202,23.5,141,5,9,5,0,65,1,1,0,0,0,8.515296476339884
2023,Mohammed Siraj,7.54,377,50.0,300,19,12,34,2,190,5,3,0,0,0,8.516221204627376
2024,PJ Cummins,9.278688524590164,566,61.0,366,18,23,10,0,134,2,1,0,0,0,8.526214565175481
2015,AD Russell,7.991803278688525,325,40.666666666666664,244,14,13,12,1,109,2,0,0,1,0,8.526244688084319
2021,HV Patel,8.272189349112425,466,56.333333333333336,338,32,16,23,7,141,5,3,0,0,0,8.52706918499953
2020,GJ Maxwell,8.047619047619047,169,21.0,126,3,9,0,0,37,1,0,0,0,0,8.5326799079233
2022,JR Hazlewood,8.10752688172043,377,46.5,279,20,17,10,0,133,1,1,0,1,0,8.537175338233034
2016,M Morkel,8.422535211267606,299,35.5,213,10,12,7,2,98,2,0,0,0,0,8.544048562072822
2018,JC Archer,8.420600858369099,327,38.833333333333336,233,15,12,16,2,113,4,1,0,0,0,8.558877218786032
2024,B Kumar,9.368421052631579,534,57.0,342,11,21,15,1,150,1,1,0,0,1,8.56068596558891
2016,Mohammed Shami,9.735099337748345,245,25.166666666666668,151,5,8,9,1,51,1,1,0,0,0,8.562893414265371
2021,C Sakariya,8.26923076923077,430,52.0,312,14,12,23,4,132,1,0,0,0,0,8.567223665942757
2023,Suyash Sharma,8.256410256410257,322,39.0,234,10,16,5,1,87,3,1,0,0,0,8.567357928873228
2018,BCJ Cutting,9.882352941176471,168,17.0,102,2,6,3,0,27,0,0,0,0,0,8.568435290377
2020,Arshdeep Singh,8.818791946308725,219,24.833333333333332,149,9,7,10,1,64,1,0,0,1,0,8.568450385057377
2024,Noor Ahmad,8.32535885167464,290,34.833333333333336,209,8,14,6,0,80,2,1,0,0,0,8.568833431847404
2022,DJ Bravo,8.796116504854368,302,34.333333333333336,206,16,6,23,3,92,1,1,0,0,0,8.572521403224597
2022,B Kumar,7.380191693290735,385,52.166666666666664,313,12,12,25,2,156,0,0,0,0,0,8.574434284791204
2018,Mustafizur Rahman,8.436363636363636,232,27.5,165,7,10,2,2,60,0,0,0,1,0,8.579890441213108
2018,DL Chahar,7.336244541484716,280,38.166666666666664,229,10,10,19,2,135,2,1,0,0,0,8.58654925634682
2017,Mohammed Shami,9.346153846153847,243,26.0,156,5,8,13,0,66,2,1,0,0,0,8.58745671632632
2017,TS Mills,8.57943925233645,153,17.833333333333332,107,5,6,9,0,49,2,1,0,0,0,8.594771742843868
2019,PP Chawla,8.96629213483146,399,44.5,267,10,21,0,0,87,3,1,0,1,0,8.599777387915669
2025,KH Pandya,8.23913043478261,379,46.0,276,17,19,9,0,91,2,0,0,0,1,8.600010713355017
2021,J Yadav,7.647058823529412,130,17.0,102,2,6,4,0,48,0,0,0,1,0,8.603177391668138
2019,SM Curran,9.818181818181818,324,33.0,198,10,12,9,1,69,4,0,0,0,0,8.605575940224686
2022,Sandeep Sharma,7.65,153,20.0,120,2,6,7,0,66,0,0,0,0,0,8.609866714650463
2017,MM Sharma,9.021897810218979,412,45.666666666666664,274,13,18,4,2,92,2,0,0,1,0,8.61339441832762
2025,M Prasidh Krishna,8.271186440677965,488,59.0,354,25,23,11,0,156,2,1,0,1,0,8.6156861325005
2019,Navdeep Saini,8.375,402,48.0,288,11,14,11,5,147,0,0,0,0,0,8.61864492279251
2023,DL Chahar,8.735294117647058,297,34.0,204,13,11,11,0,93,1,0,0,0,0,8.618977315833801
2022,Simarjeet Singh,7.722222222222222,139,18.0,108,4,4,9,1,61,0,0,0,0,0,8.620167134185671
2017,UT Yadav,8.45360824742268,410,48.5,291,17,17,16,0,142,1,2,0,0,0,8.622968483127021
2015,HH Pandya,10.411764705882353,177,17.0,102,1,5,5,1,36,0,0,0,0,0,8.632711644595478
2015,AR Patel,8.4,392,46.666666666666664,280,13,21,10,0,99,1,0,0,1,2,8.637985248550283
2018,B Kumar,7.7111913357400725,356,46.166666666666664,277,9,16,9,2,132,1,0,0,0,0,8.638365062441416
2025,AR Patel,8.694444444444445,313,36.0,216,5,16,3,0,70,2,1,0,0,0,8.645233242031315
2021,SN Thakur,8.841225626740947,529,59.833333333333336,359,21,17,29,2,165,2,2,0,0,0,8.648318582264778
2019,Kuldeep Yadav,8.666666666666666,286,33.0,198,4,13,4,0,58,0,0,0,1,0,8.651739555580356
2015,YS Chahal,8.861209964412812,415,46.833333333333336,281,23,28,2,0,93,4,1,0,1,3,8.652788459786812
2016,SB Jakati,8.95,179,20.0,120,2,9,3,1,35,0,0,0,0,1,8.656221292237307
2022,LS Livingstone,8.782608695652174,202,23.0,138,6,10,6,0,44,0,0,0,1,1,8.658968604416593
2018,Kuldeep Yadav,8.142857142857142,418,51.333333333333336,308,17,24,8,0,98,1,2,0,3,1,8.661820079366125
2026,Noor Ahmad,8.411764705882353,429,51.0,306,13,22,11,1,101,1,0,0,0,2,8.665153178318198
2024,C Green,8.61611374407583,303,35.166666666666664,211,10,11,12,0,84,0,0,0,0,0,8.666100357959836
2020,KK Ahmed,9.428571428571429,242,25.666666666666668,154,8,11,4,0,66,3,0,0,0,0,8.670498425265555
2019,KK Ahmed,8.239234449760765,287,34.833333333333336,209,19,11,13,0,100,1,0,0,0,0,8.675333639902622
2023,J Little,8.647058823529411,294,34.0,204,7,14,7,0,82,2,1,0,0,0,8.68606388473244
2024,Mukesh Kumar,10.450704225352112,371,35.5,213,17,13,10,3,82,4,1,0,0,0,8.68748716009533
2026,Brijesh Sharma,9.978021978021978,454,45.5,273,14,13,25,4,107,2,4,1,0,0,8.701712126263851
2016,SR Watson,8.601769911504425,486,56.5,339,20,18,22,1,145,3,0,0,0,0,8.713334535637008
2015,Iqbal Abdulla,7.894736842105263,150,19.0,114,4,8,8,0,53,1,0,0,0,1,8.726265493286897
2018,JD Unadkat,9.675496688741722,487,50.333333333333336,302,11,19,8,1,105,0,0,0,0,0,8.731716413634503
2026,KH Pandya,8.415841584158416,425,50.5,303,14,24,10,0,98,1,1,0,0,2,8.732320205203344
2025,Suyash Sharma,8.84,442,50.0,300,8,22,9,0,107,5,1,0,0,0,8.736527037489466
2026,AR Patel,8.181818181818182,360,44.0,264,11,20,8,0,86,3,0,0,0,1,8.738611389968888
2020,I Udana,9.724137931034482,282,29.0,174,8,11,8,0,57,2,0,0,0,0,8.746231089655144
2017,K Rabada,8.90625,190,21.333333333333332,128,6,5,14,2,60,3,0,0,0,0,8.75949541738598
2022,Mukesh Choudhary,9.31868131868132,424,45.5,273,16,17,18,0,137,3,2,0,0,0,8.761646089191714
2016,CR Brathwaite,8.460431654676258,196,23.166666666666668,139,7,5,8,7,46,2,0,0,0,0,8.76403472993284
2019,MJ McClenaghan,7.888888888888889,142,18.0,108,3,6,6,0,51,0,0,0,0,0,8.768678428682307
2019,DS Kulkarni,9.6,336,35.0,210,6,13,9,1,85,2,0,0,0,0,8.774787746378681
2022,PVD Chameera,8.772727272727273,386,44.0,264,9,13,18,2,134,1,0,0,0,0,8.774855530664489
2017,A Mishra,8.832618025751072,343,38.833333333333336,233,10,20,4,0,84,0,0,0,0,2,8.777119132640303
2018,R Tewatia,7.863636363636363,173,22.0,132,6,10,2,0,43,0,1,0,0,0,8.777803269844075
2018,AS Rajpoot,8.598726114649681,225,26.166666666666668,157,11,9,9,2,89,3,0,0,0,0,8.782782601918932
2024,T Natarajan,9.058441558441558,465,51.333333333333336,308,19,17,24,0,136,3,1,0,0,0,8.789906558645082
2015,JP Faulkner,9.488888888888889,427,45.0,270,8,17,11,1,106,2,0,0,0,0,8.79963754431356
2019,AD Russell,9.513812154696133,287,30.166666666666668,181,11,14,1,0,62,2,0,1,0,0,8.80416429931718
2026,CV Varun,8.78048780487805,360,41.0,246,11,18,9,0,89,1,0,0,0,1,8.81537575470712
2023,M Pathirana,8.028776978417266,372,46.333333333333336,278,19,9,42,1,136,3,2,0,0,0,8.816364347384155
2024,Yash Dayal,9.18936877076412,461,50.166666666666664,301,15,14,24,3,142,2,0,0,0,0,8.816995885774759
2024,UT Yadav,10.0,210,21.0,126,8,9,3,0,59,1,0,0,0,0,8.817951364580935
2025,RA Jadeja,8.616740088105725,326,37.833333333333336,227,10,17,5,2,80,1,0,0,0,1,8.823613651920336
2017,S Aravind,9.049180327868852,276,30.5,183,5,12,7,1,68,2,0,0,0,0,8.837425208377384
2026,Prince Yadav,8.875399361022364,463,52.166666666666664,313,16,20,19,0,138,5,0,0,1,0,8.851909847981773
2026,JC Archer,9.333333333333334,560,60.0,360,25,20,31,1,176,6,1,0,0,0,8.856868226856538
2022,T Natarajan,9.44186046511628,406,43.0,258,18,18,19,0,96,7,2,0,0,0,8.859214846651447
2026,Mohsin Khan,8.142857142857142,228,28.0,168,11,12,3,0,72,0,0,0,0,0,8.865836862236954
2022,Umran Malik,9.091525423728815,447,49.166666666666664,295,22,17,25,4,157,8,1,0,2,0,8.866482792119054
2017,YS Chahal,7.7011494252873565,335,43.5,261,14,18,12,2,108,2,0,0,0,1,8.875781889776027
2017,MC Henriques,10.375,249,24.0,144,1,8,8,1,30,0,0,0,0,0,8.887915893172483
2016,JP Faulkner,9.941176470588236,169,17.0,102,2,5,7,2,28,1,0,0,0,0,8.888725111815605
2015,Anureet Singh,9.096774193548388,470,51.666666666666664,310,15,18,16,5,127,4,0,0,0,0,8.891328812736731
2024,Ravi Bishnoi,8.770992366412214,383,43.666666666666664,262,10,20,8,0,97,0,0,0,1,1,8.897902093480377
2020,RA Jadeja,8.75229357798165,318,36.333333333333336,218,6,17,3,0,59,2,0,0,0,0,8.905554819990268
2016,S Kaushik,8.391304347826088,193,23.0,138,6,9,4,1,55,0,0,0,0,0,8.908829172996548
2026,Mohammed Siraj,9.064516129032258,562,62.0,372,19,24,18,0,186,2,0,0,0,0,8.911867622393965
2019,SN Thakur,9.366666666666667,281,30.0,180,8,11,10,0,75,0,0,0,1,0,8.913895663502403
2019,JP Behrendorff,8.68421052631579,165,19.0,114,5,8,3,0,57,0,0,0,0,0,8.92385396605512
2020,KL Nagarkoti,8.884615384615385,231,26.0,156,5,11,4,0,50,0,0,0,0,0,8.927434939994493
2019,AJ Tye,10.590909090909092,233,22.0,132,3,9,5,0,35,0,0,0,1,0,8.9295398346838
2022,TG Southee,7.885714285714286,276,35.0,210,14,13,10,1,103,0,0,0,1,0,8.93470651547603
2022,J Suchith,7.777777777777778,140,18.0,108,7,9,8,0,56,1,1,0,0,1,8.936841381726182
2022,M Ashwin,7.862068965517241,228,29.0,174,9,13,5,0,74,2,0,0,0,0,8.937089794782855
2022,CV Varun,8.564102564102564,334,39.0,234,6,20,10,3,97,1,0,0,0,3,8.941101577089967
2022,K Rabada,8.520833333333334,409,48.0,288,23,15,20,3,145,1,0,0,0,0,8.941733139353568
2024,Avesh Khan,9.610942249240122,527,54.833333333333336,329,19,23,18,1,117,2,3,0,1,0,8.942981873345463
2018,Imran Tahir,9.096774193548386,188,20.666666666666668,124,6,10,2,0,42,0,1,0,0,0,8.945267274991295
2026,J Overton,8.892857142857142,249,28.0,168,14,12,8,0,68,3,0,0,0,0,8.954218618963038
2017,MJ McClenaghan,9.481481481481481,512,54.0,324,19,20,21,5,140,3,3,0,0,0,8.968034319066279
2026,JJ Bumrah,8.510204081632653,417,49.0,294,4,12,25,7,131,1,0,0,0,0,8.969963161129314
2017,A Zampa,8.218487394957984,163,19.833333333333332,119,7,9,3,0,42,1,0,0,0,0,8.973000786611452
2025,Prince Yadav,9.854014598540147,225,22.833333333333332,137,3,10,7,0,50,3,0,0,0,0,8.989257384548607
2021,K Rabada,8.196428571428571,459,56.0,336,15,24,10,3,143,2,0,0,3,0,8.997038712402778
2016,DR Smith,8.555555555555555,154,18.0,108,8,7,5,1,45,1,0,0,0,0,8.997807866026129
2022,KR Sen,9.417218543046356,237,25.166666666666668,151,8,11,7,0,65,2,0,0,1,0,9.001566517887552
2020,Mohammed Siraj,8.723926380368098,237,27.166666666666668,163,11,11,9,1,85,3,0,0,0,0,9.005969073534624
2022,AS Joseph,8.833333333333334,265,30.0,180,7,13,6,1,76,2,0,0,0,0,9.007210486104423
2025,Avesh Khan,10.288732394366196,487,47.333333333333336,284,13,21,10,0,87,1,1,0,0,0,9.012420488124715
2022,Washington Sundar,8.571428571428571,240,28.0,168,6,13,3,1,48,0,1,0,0,0,9.012547963538617
2015,KV Sharma,8.334728033472803,332,39.833333333333336,239,10,22,0,0,71,1,0,0,0,1,9.020009553025515
2020,NM Coulter-Nile,7.923076923076923,206,26.0,156,5,9,11,0,78,0,0,0,0,0,9.021769491444886
2026,AJ Hosein,8.108108108108107,200,24.666666666666668,148,8,11,3,2,60,2,0,0,0,0,9.023937179280043
2018,HV Patel,9.542857142857143,167,17.5,105,7,7,7,0,40,0,1,0,0,0,9.027901028944928
2018,MJ McClenaghan,8.325,333,40.0,240,14,15,15,1,112,2,0,0,0,0,9.038378282292484
2017,I Sharma,10.0,180,18.0,108,0,6,7,1,45,0,0,0,0,0,9.03860061448051
2025,M Theekshana,9.80952380952381,412,42.0,252,11,14,26,2,91,1,1,0,0,1,9.04084340150568
2016,CJ Jordan,9.285714285714286,260,28.0,168,11,9,17,2,65,4,0,0,1,0,9.043416491616805
2026,Suyash Sharma,9.208163265306123,376,40.833333333333336,245,9,18,8,0,81,1,0,0,0,0,9.05237302650031
2020,Navdeep Saini,8.292857142857143,387,46.666666666666664,280,7,17,19,2,133,3,0,0,0,0,9.056160819998075
2018,SR Watson,8.964285714285714,251,28.0,168,6,12,8,0,65,0,1,0,0,0,9.061119403395617
2025,JR Hazlewood,8.772727272727273,386,44.0,264,22,22,6,0,126,1,2,0,0,0,9.073624470605255
2025,Mohammed Siraj,9.24561403508772,527,57.0,342,16,22,30,0,176,5,2,0,0,0,9.079288500052742
2025,SP Narine,7.844444444444444,353,45.0,270,12,22,5,2,93,3,1,0,0,0,9.08129188066078
2025,Yash Dayal,9.673469387755102,474,49.0,294,13,20,15,4,106,4,1,0,0,0,9.082655224791916
2024,N Burger,8.529411764705882,145,17.0,102,7,7,7,0,53,2,0,0,0,0,9.082780061507172
2018,DS Kulkarni,9.478991596638656,188,19.833333333333332,119,4,8,7,0,61,1,0,0,0,0,9.085175539577342
2025,R Parag,8.5,170,20.0,120,3,7,9,0,38,0,0,0,0,0,9.097696810273659
2024,SN Thakur,9.852631578947369,312,31.666666666666668,190,5,13,7,3,54,2,0,0,0,0,9.102319949222153
2023,A Nortje,9.175,367,40.0,240,10,17,11,3,104,4,0,0,1,0,9.109592654205397
2018,AD Russell,9.409691629955947,356,37.833333333333336,227,13,15,12,1,88,1,0,0,0,0,9.109774283391626
2021,KH Pandya,8.050251256281408,267,33.166666666666664,199,5,12,15,2,78,0,2,1,0,0,9.113559280734455
2021,DJ Bravo,7.811881188118813,263,33.666666666666664,202,14,11,20,0,92,0,1,0,0,0,9.117127946893484
2020,MP Stoinis,9.539325842696629,283,29.666666666666668,178,13,14,7,0,56,3,0,0,0,0,9.119674477179077
2015,MJ McClenaghan,8.25531914893617,388,47.0,282,18,15,23,2,147,0,0,0,0,0,9.12028407530179
2017,SL Malinga,8.565055762081784,384,44.833333333333336,269,11,16,22,2,112,4,0,0,0,0,9.122935231757337
2022,Lalit Yadav,8.38888888888889,151,18.0,108,4,8,2,1,39,0,0,0,0,0,9.12421739534144
2024,HV Patel,9.775510204081632,479,49.0,294,24,18,27,2,107,4,2,0,0,0,9.127496269580165
2025,Fazalhaq Farooqi,12.352941176470589,210,17.0,102,0,8,2,0,27,0,0,0,0,0,9.128947222254089
2022,M Prasidh Krishna,8.330827067669173,554,66.5,399,19,18,46,3,232,3,0,0,0,0,9.139451371099605
2019,LH Ferguson,10.764705882352942,183,17.0,102,2,7,5,0,35,0,0,0,0,0,9.142353049933702
2018,HH Pandya,8.953125,382,42.666666666666664,256,18,18,14,1,111,1,0,0,4,0,9.14508745764012
2018,B Laughlin,10.095238095238095,212,21.0,126,9,8,8,1,41,1,0,0,0,0,9.155256060367817
2024,SM Curran,10.170731707317072,417,41.0,246,16,20,8,1,91,3,1,0,0,0,9.15934361641509
2023,Harshit Rana,8.705882352941176,148,17.0,102,5,7,6,1,55,0,1,0,0,0,9.162471256627406
2015,TG Southee,8.857142857142858,248,28.0,168,6,12,7,1,79,1,0,0,0,0,9.163909338520849
2024,R Ashwin,8.49090909090909,467,55.0,330,9,19,28,0,105,0,0,0,1,0,9.16393209726444
2020,CJ Jordan,9.723076923076922,316,32.5,195,9,12,15,1,77,2,0,0,0,0,9.165565932568066
2018,LE Plunkett,9.0,225,25.0,150,4,12,4,0,46,1,0,0,0,0,9.16762912683291
2024,Mustafizur Rahman,9.349514563106796,321,34.333333333333336,206,14,10,18,4,97,1,0,0,0,0,9.168006667467788
2022,LH Ferguson,8.97902097902098,428,47.666666666666664,286,12,20,16,1,128,1,1,0,0,0,9.183123894602488
2026,JR Hazlewood,9.592233009708737,494,51.5,309,15,25,13,0,139,3,1,0,2,0,9.195524199046622
2025,B Kumar,9.288461538461538,483,52.0,312,17,26,6,0,129,2,0,0,0,0,9.197643872443786
2023,JP Behrendorff,9.214285714285714,387,42.0,252,14,18,14,0,102,2,0,0,0,0,9.198313306791118
2020,KV Sharma,8.68421052631579,165,19.0,114,5,9,4,0,31,1,0,0,0,0,9.200508235404147
2022,OC McCoy,9.212903225806452,238,25.833333333333332,155,11,8,17,2,66,3,0,0,0,0,9.211658364145626
2023,SM Curran,10.24390243902439,490,47.833333333333336,287,10,21,12,1,97,1,0,0,0,0,9.220579402184251
2026,Mukesh Choudhary,8.892857142857142,249,28.0,168,8,12,10,0,82,1,0,0,1,0,9.225434944499133
2026,VG Arora,10.263157894736842,390,38.0,228,11,16,13,0,88,1,0,0,0,0,9.22582846021289
2017,A Choudhary,8.613861386138614,145,16.833333333333332,101,5,6,7,1,49,0,0,0,0,0,9.236575129044159
2022,HV Patel,7.663551401869159,410,53.5,321,19,20,25,0,147,0,0,0,1,0,9.243274756895282
2020,KA Pollard,9.047619047619047,190,21.0,126,4,7,12,0,45,0,0,0,0,0,9.244130856445034
2023,HH Pandya,9.16,229,25.0,150,3,11,6,1,69,0,0,0,1,0,9.255216492644468
2025,Azmatullah Omarzai,10.333333333333334,279,27.0,162,8,12,9,0,53,1,0,0,1,0,9.264191372567044
2021,CH Morris,9.170731707317072,376,41.0,246,15,16,20,0,107,2,0,0,0,0,9.28299623990906
2015,MG Johnson,9.46788990825688,344,36.333333333333336,218,10,14,17,2,107,3,0,0,0,0,9.287802321604309
2025,JC Archer,9.494505494505495,432,45.5,273,11,18,22,2,129,3,1,0,0,0,9.28890741736257
2015,P Kumar,9.13888888888889,329,36.0,216,7,15,14,0,93,1,0,0,0,0,9.290315494036445
2022,AD Russell,9.905325443786982,279,28.166666666666668,169,17,12,11,1,64,2,0,0,1,0,9.291048250548814
2023,K Kartikeya,8.73076923076923,227,26.0,156,5,13,8,0,51,4,0,0,0,0,9.29282422584111
2026,Shivang Kumar,9.615384615384615,375,39.0,234,9,19,6,0,69,0,0,0,0,0,9.29684529379302
2025,M Jansen,9.222614840989399,435,47.166666666666664,283,16,22,16,2,133,4,1,0,2,0,9.301118830176055
2019,MP Stoinis,8.7,145,16.666666666666668,100,2,8,3,0,35,0,0,0,0,0,9.307697954694136
2024,YS Chahal,9.431034482758621,547,58.0,348,18,30,15,1,114,1,2,0,1,1,9.311785355115761
2025,R Ashwin,9.129032258064516,283,31.0,186,7,18,3,0,60,0,0,0,1,1,9.313705773752407
2025,PWH de Silva,9.048780487804878,371,41.0,246,11,21,5,0,72,1,0,0,0,0,9.316259050773992
2021,PJ Cummins,8.832298136645964,237,26.833333333333332,161,9,12,11,0,67,1,1,0,0,0,9.316260008630541
2021,AD Russell,9.894736842105264,188,19.0,114,11,8,8,0,47,1,0,0,0,0,9.317602933675557
2016,HH Pandya,9.18,153,16.666666666666668,100,3,7,6,0,37,0,0,0,0,0,9.321371898927337
2026,Ravi Bishnoi,9.923076923076923,258,26.0,156,11,14,8,1,49,2,0,0,1,1,9.330875995896513
2026,AM Ghazanfar,10.017167381974248,389,38.833333333333336,233,15,24,6,0,74,3,2,0,0,1,9.336881185390085
2017,CJ Anderson,9.876106194690266,186,18.833333333333332,113,3,8,9,0,29,0,1,0,0,0,9.344478841013256
2024,CV Varun,8.06,403,50.0,300,21,26,8,2,133,1,2,0,1,0,9.353885282762269
2022,M Jansen,8.5625,274,32.0,192,7,14,13,0,92,2,0,0,0,0,9.358123147217935
2025,PJ Cummins,9.080536912751679,451,49.666666666666664,298,16,23,14,1,131,1,1,1,0,0,9.358726591547452
2024,Kuldeep Yadav,8.674418604651162,373,43.0,258,16,26,9,1,92,1,2,0,0,2,9.360236013869827
2025,DL Chahar,9.21951219512195,378,41.0,246,11,14,22,2,124,0,0,0,0,0,9.360999577632946
2025,MA Starc,10.403433476394849,404,38.833333333333336,233,14,14,24,4,99,3,2,0,0,0,9.362590961477645
2023,JO Holder,9.964912280701755,284,28.5,171,4,14,5,0,51,0,0,0,0,0,9.363294426996024
2023,SN Thakur,10.571428571428571,222,21.0,126,7,9,6,2,39,1,0,0,0,0,9.375765597216116
2018,MM Sharma,10.92134831460674,324,29.666666666666668,178,7,14,8,2,56,3,0,0,0,0,9.379909257812736
2015,SR Watson,9.344827586206897,271,29.0,174,6,9,19,2,83,1,0,0,0,0,9.389919641995881
2022,JD Unadkat,9.5,190,20.0,120,6,11,4,0,39,1,1,0,0,0,9.400039043534017
2025,Zeeshan Ansari,9.871921182266009,334,33.833333333333336,203,6,17,6,1,54,1,0,0,1,0,9.400865015142081
2025,VG Arora,10.117647058823529,430,42.5,255,17,20,17,0,111,1,2,0,0,0,9.421331977544988
2022,Yash Dayal,9.34375,299,32.0,192,11,12,13,3,87,0,0,0,0,0,9.422686759756578
2024,Naveen-ul-Haq,10.273972602739725,375,36.5,219,14,15,13,3,83,1,0,0,0,0,9.428235907589924
2024,Arshdeep Singh,10.033112582781456,505,50.333333333333336,302,19,21,24,0,138,2,0,0,0,0,9.439155470057292
2026,Mohammed Shami,9.0,459,51.0,306,12,22,21,0,153,1,0,0,0,0,9.441194855828774
2025,Rashid Khan,9.345454545454546,514,55.0,330,9,33,6,0,100,1,2,0,0,1,9.443601911668317
2024,Harshit Rana,9.08300395256917,383,42.166666666666664,253,19,22,11,0,106,2,1,0,1,0,9.450525105112083
2024,RD Chahar,9.03225806451613,280,31.0,186,10,18,3,1,58,2,1,0,1,0,9.461253499175509
2026,DS Rathi,10.179487179487179,397,39.0,234,5,21,6,0,62,2,0,0,0,0,9.464000725640611
2022,JO Holder,9.421686746987952,391,41.5,249,14,19,17,0,94,1,1,0,0,0,9.469356293178736
2023,MR Marsh,8.479338842975206,171,20.166666666666668,121,12,8,11,1,47,0,1,0,0,0,9.475338808271255
2024,Mohammed Siraj,9.185185185185185,496,54.0,324,15,24,27,0,155,2,2,0,0,0,9.481811577337231
2025,Sandeep Sharma,10.08968609865471,375,37.166666666666664,223,9,15,20,1,73,0,1,0,1,0,9.500107196253891
2024,TU Deshpande,8.875,426,48.0,288,17,20,23,2,139,3,0,0,0,0,9.502909552725926
2026,KK Ahmed,8.673267326732674,146,16.833333333333332,101,2,8,5,0,48,0,0,0,0,0,9.5140070199873
2023,Umran Malik,10.85,217,20.0,120,5,9,10,0,47,2,0,0,0,0,9.523494912206637
2023,WD Parnell,9.417218543046356,237,25.166666666666668,151,9,13,6,1,62,1,1,1,0,0,9.526562110924615
2026,Nithish Kumar Reddy,10.451612903225806,324,31.0,186,8,14,11,1,68,0,0,0,1,0,9.54019306442816
2024,Shahbaz Ahmed,9.854545454545455,271,27.5,165,7,16,1,1,52,0,1,0,0,0,9.54745060176779
2019,BA Stokes,11.287128712871288,190,16.833333333333332,101,6,7,8,1,38,1,0,0,0,0,9.548838363754943
2026,E Malinga,9.331288343558281,507,54.333333333333336,326,20,24,25,0,142,2,0,0,0,0,9.554317328359023
2025,V Nigam,9.23076923076923,360,39.0,234,11,21,11,4,82,1,2,0,0,1,9.55800013958341
2025,HV Patel,9.901140684410645,434,43.833333333333336,263,16,16,27,4,105,2,1,0,0,0,9.559558988855223
2026,Arshdeep Singh,10.226415094339623,542,53.0,318,14,20,32,1,137,1,0,0,0,0,9.569191666024151
2023,Akash Singh,9.894736842105264,188,19.0,114,5,11,3,0,49,2,0,0,0,0,9.570267827176863
2019,UT Yadav,9.832599118942731,372,37.833333333333336,227,8,18,11,1,98,0,0,0,0,0,9.580120758089333
2026,Kartik Tyagi,9.843137254901961,502,51.0,306,18,25,11,4,122,1,0,0,1,0,9.585506908929544
2025,YS Chahal,9.555555555555555,430,45.0,270,16,26,11,0,80,1,1,0,0,1,9.59418829822064
2022,TS Mills,11.176470588235293,190,17.0,102,6,8,6,0,35,0,0,0,0,0,9.598806092043137
2026,Sakib Hussain,9.476190476190476,398,42.0,252,15,18,26,1,108,4,1,0,0,0,9.610250699171427
2019,SL Malinga,9.814126394052044,440,44.833333333333336,269,16,23,11,2,102,0,1,0,1,0,9.623989132720489
2024,I Sharma,9.851851851851851,266,27.0,162,10,9,24,1,82,2,1,0,0,0,9.631347727563176
2019,TA Boult,8.578947368421053,163,19.0,114,5,9,7,0,50,0,0,0,0,0,9.647559350564112
2024,N Thushara,9.961538461538462,259,26.0,156,8,10,18,2,66,0,2,0,0,0,9.653743396439513
2020,TU Deshpande,11.352941176470589,193,17.0,102,3,7,8,1,36,0,0,0,0,0,9.663082446261617
2024,KK Ahmed,9.6,480,50.0,300,17,23,26,1,153,1,2,0,0,0,9.697892968921888
2020,AD Russell,9.833333333333334,177,18.0,108,6,8,7,2,44,1,0,1,1,0,9.700087779638556
2025,R Sai Kishore,9.24705882352941,393,42.5,255,19,25,7,0,84,1,1,0,1,0,9.702633412513716
2018,SN Thakur,9.235714285714286,431,46.666666666666664,280,16,24,15,0,128,1,0,0,1,0,9.703922283026513
2024,PP Chawla,8.914285714285715,312,35.0,210,13,21,9,0,70,2,2,0,1,0,9.71196628553549
2016,VR Aaron,9.676056338028168,229,23.666666666666668,142,2,9,13,2,61,0,0,0,0,0,9.712321662936226
2015,Imran Tahir,8.845070422535212,314,35.5,213,15,18,17,0,72,3,1,0,0,0,9.721585248192385
2026,Yash Raj Punja,9.3,279,30.0,180,9,18,6,0,55,2,1,0,0,0,9.72173444003596
2023,UT Yadav,9.947368421052632,189,19.0,114,1,11,2,0,44,0,0,0,0,0,9.728669985063942
2022,RP Meredith,8.428571428571429,236,28.0,168,8,10,21,0,89,0,0,0,0,0,9.737929737249388
2026,Rashid Khan,9.079178885630498,516,56.833333333333336,341,21,36,15,0,124,6,2,0,0,1,9.738582914831591
2018,Washington Sundar,9.6,192,20.0,120,4,13,6,0,31,0,1,0,0,1,9.739402176662281
2026,PJ Cummins,9.65625,309,32.0,192,8,14,15,2,78,1,0,0,0,0,9.740012812435571
2021,RP Meredith,10.0,170,17.0,102,4,7,10,1,43,1,0,0,0,0,9.750760669495614
2023,RP Meredith,10.576271186440678,208,19.666666666666668,118,7,9,9,1,49,1,0,0,0,0,9.751386308313648
2023,KK Ahmed,9.181818181818182,303,33.0,198,9,14,16,2,102,0,0,0,0,0,9.768566423722206
2025,TU Deshpande,10.625,340,32.0,192,9,13,20,0,79,0,0,0,0,0,9.77131193013747
2025,KK Ahmed,9.642857142857144,450,46.666666666666664,280,15,25,10,3,146,2,0,0,0,0,9.773916822797032
2023,HV Patel,9.74468085106383,458,47.0,282,14,21,21,5,103,3,0,0,0,0,9.793864806598407
2026,MA Starc,10.181818181818182,224,22.0,132,11,11,12,0,61,0,1,0,2,0,9.819586657843315
2025,Harshit Rana,10.227272727272727,450,44.0,264,15,24,12,2,115,3,0,0,0,0,9.829466311022406
2021,M Prasidh Krishna,9.324675324675324,359,38.5,231,12,14,22,8,118,1,1,0,0,0,9.831065952352652
2022,Shahbaz Ahmed,9.628571428571428,337,35.0,210,4,19,10,1,68,0,1,0,0,0,9.833749480036643
2018,DJ Bravo,9.962616822429906,533,53.5,321,14,29,17,0,107,1,0,0,2,0,9.84104030881308
2025,I Sharma,11.181818181818182,205,18.333333333333332,110,4,10,7,0,42,0,1,0,0,0,9.841550830328675
2020,SS Cottrell,8.8,176,20.0,120,6,8,15,0,70,1,0,0,0,0,9.859743415306099
2019,Mohammed Siraj,9.621301775147929,271,28.166666666666668,169,7,13,14,2,77,2,0,0,0,0,9.859858394861915
2026,Harsh Dubey,10.363636363636363,228,22.0,132,8,14,8,0,45,1,0,0,1,1,9.887086481069337
2026,YS Chahal,9.487804878048781,389,41.0,246,12,21,17,4,69,1,0,0,0,1,9.90587338206457
2026,AS Roy,9.607361963190183,261,27.166666666666668,163,9,13,22,0,74,2,0,0,1,1,9.907264087134072
2026,K Rabada,9.68041237113402,626,64.66666666666667,388,29,40,13,0,184,3,1,0,2,0,9.918700768694451
2019,HH Pandya,9.2,391,42.5,255,14,23,14,1,107,0,1,0,0,0,9.919667590357424
2026,M Prasidh Krishna,10.435897435897436,407,39.0,234,16,23,8,0,87,1,0,0,0,0,9.926120572562404
2024,KV Sharma,10.583333333333334,254,24.0,144,7,17,5,0,46,2,0,0,1,1,9.944773263890893
2019,KMA Paul,8.9079754601227,242,27.166666666666668,163,9,8,21,5,67,0,0,0,0,0,9.949441693922875
2024,HH Pandya,10.75,387,36.0,216,11,21,10,0,75,2,0,0,0,0,9.959369319894757
2023,TU Deshpande,9.976539589442815,567,56.833333333333336,341,21,28,26,4,163,2,1,0,0,0,9.968648079474063
2024,JD Unadkat,10.235294117647058,319,31.166666666666668,187,8,16,13,0,57,0,0,0,0,0,9.973486383558098
2015,VR Aaron,10.211538461538462,177,17.333333333333332,104,3,7,13,0,56,0,0,0,0,0,10.007071566445456
2025,Arshad Khan,10.380952380952381,218,21.0,126,6,10,10,1,58,0,0,0,0,0,10.013478633222572
2019,S Kaul,9.037037037037036,244,27.0,162,6,15,7,2,62,1,0,0,0,0,10.020646444224328
2020,JD Unadkat,9.91304347826087,228,23.0,138,4,13,8,0,41,1,0,0,0,0,10.025082960711705
2022,DR Sams,8.833333333333334,371,42.0,252,13,19,27,1,128,0,1,0,0,0,10.033412225570864
2026,M Jansen,10.204225352112676,483,47.333333333333336,284,9,28,14,0,96,1,1,0,0,0,10.033417912516535
2024,MM Sharma,10.923076923076923,426,39.0,234,13,22,11,1,65,0,0,0,1,0,10.033468889021183
2025,Mukesh Kumar,10.379746835443038,410,39.5,237,12,21,18,2,98,3,0,0,2,0,10.039428987398676
2019,JD Unadkat,10.660714285714285,398,37.333333333333336,224,10,22,12,0,70,2,0,0,1,0,10.048136460913497
2022,SN Thakur,9.806896551724137,474,48.333333333333336,290,15,23,30,1,133,1,1,0,1,0,10.048738674586039
2020,Kartik Tyagi,9.641921397379914,368,38.166666666666664,229,9,21,12,1,94,0,0,0,0,0,10.05573564625611
2024,Mohsin Khan,10.131578947368421,385,38.0,228,10,23,10,0,91,2,0,0,0,0,10.063871603548671
2024,Akash Madhwal,11.394495412844035,207,18.166666666666668,109,5,9,10,2,44,1,1,0,0,0,10.064923309662468
2021,KA Jamieson,9.714285714285714,272,28.0,168,9,14,11,3,79,1,0,0,0,0,10.065216557108572
2026,XC Bartlett,11.611940298507463,389,33.5,201,5,18,12,1,64,0,0,0,0,0,10.079273245394443
2022,A Nortje,9.895522388059701,221,22.333333333333332,134,9,10,9,4,55,0,0,0,0,0,10.079734184975198
2026,DL Chahar,10.392156862745098,265,25.5,153,8,15,9,0,67,2,0,0,0,0,10.080447792486789
2018,Mohammed Siraj,8.951219512195122,367,41.0,246,11,21,22,0,108,2,0,0,0,0,10.083186678677157
2025,MM Sharma,10.4,260,25.0,150,2,11,13,3,44,0,0,0,0,0,10.099535858500737
2026,Gurjapneet Singh,9.258278145695364,233,25.166666666666668,151,4,13,12,0,54,0,0,0,0,0,10.111086903025695
2022,D Pretorius,10.0,210,21.0,126,6,11,12,0,49,0,1,0,0,0,10.126731630085668
2026,Vijaykumar Vyshak,10.67741935483871,331,31.0,186,9,18,8,1,59,0,0,0,0,0,10.135895966424021
2018,MG Johnson,10.285714285714286,216,21.0,126,2,12,7,0,53,0,0,0,0,0,10.140774028505401
2026,Arshad Khan,9.923076923076923,172,17.333333333333332,104,6,10,7,0,51,1,0,0,0,0,10.168825380671688
2023,C Green,9.526315789473685,362,38.0,228,6,20,18,1,99,1,0,0,0,0,10.170497044628931
2024,LH Ferguson,10.75,258,24.0,144,9,15,3,3,45,2,0,0,0,0,10.182581174457992
2023,Yash Thakur,9.141361256544503,291,31.833333333333332,191,13,16,16,2,84,1,0,0,0,0,10.183431247163726
2024,VG Arora,9.366666666666667,281,30.0,180,11,12,20,6,99,2,0,0,0,0,10.223953718504838
2018,Shivam Mavi,9.678571428571429,271,28.0,168,5,16,12,1,74,2,0,0,0,0,10.254353497871431
2025,Mohammed Shami,11.266666666666667,338,30.0,180,6,17,11,1,67,0,0,0,0,0,10.275285427987862
2020,TK Curran,11.504587155963302,209,18.166666666666668,109,3,10,7,1,31,0,0,0,0,0,10.281268018496561
2021,SM Curran,10.0,330,33.0,198,9,20,11,2,87,1,1,0,0,0,10.301064838986486
2025,SN Thakur,11.058823529411764,376,34.0,204,13,17,22,1,82,0,1,0,0,0,10.30695058623376
2023,Vijaykumar Vyshak,10.583333333333334,254,24.0,144,9,14,9,1,48,1,0,0,0,0,10.307517506252337
2025,HH Pandya,9.857142857142858,345,35.0,210,14,17,19,3,86,0,0,0,0,0,10.310506247380076
2024,MA Starc,10.613545816733067,444,41.833333333333336,251,17,23,30,0,121,7,0,0,1,0,10.330053712263537
2023,Mukesh Kumar,10.548387096774194,327,31.0,186,7,19,11,1,75,1,0,0,2,0,10.34356250066693
2023,CJ Jordan,10.772727272727273,237,22.0,132,3,13,9,0,52,0,0,0,0,0,10.40431671368816
2024,G Coetzee,10.208955223880597,342,33.5,201,13,17,23,1,96,1,0,0,1,0,10.446244754961546
2024,Yash Thakur,11.352112676056338,403,35.5,213,11,23,12,1,80,3,0,0,0,0,10.459833011336235
2022,PJ Cummins,10.689075630252102,212,19.833333333333332,119,7,11,12,0,45,1,0,0,0,0,10.460280020625492
2025,Akash Deep,12.052631578947368,229,19.0,114,3,9,17,0,48,0,1,0,0,0,10.460844199798842
2023,HR Shokeen,9.947368421052632,189,19.0,114,3,10,9,2,42,0,0,0,0,0,10.46229620361634
2025,Ravi Bishnoi,10.837837837837839,401,37.0,222,9,25,11,0,79,2,0,0,1,0,10.49624941906083
2026,T Natarajan,11.18324607329843,356,31.833333333333332,191,5,19,14,0,57,0,0,0,0,0,10.499906947706073
2018,CR Woakes,10.363636363636365,190,18.333333333333332,110,8,11,8,0,55,0,0,0,0,0,10.5111667328615
2023,M Jansen,10.037037037037036,271,27.0,162,10,12,19,5,82,0,1,0,0,0,10.511245555795343
2018,BB Sran,10.5,231,22.0,132,4,10,16,2,60,0,0,0,0,0,10.514011946141867
2026,Kuldeep Yadav,10.297297297297296,381,37.0,222,10,29,5,0,65,2,2,0,1,0,10.5512933443651
2026,TU Deshpande,11.956521739130435,275,23.0,138,4,13,13,0,53,0,0,0,0,0,10.568029551200672
2019,Mujeeb Ur Rahman,10.052631578947368,191,19.0,114,3,9,16,0,46,0,0,0,0,0,10.593459443692064
2026,Sandeep Sharma,11.389830508474576,224,19.666666666666668,118,5,13,9,0,41,0,1,0,1,0,10.604093251818595
2026,A Kamboj,10.609271523178807,534,50.333333333333336,302,21,34,13,4,129,4,0,0,0,0,10.61910460215601
2016,KC Cariappa,9.411764705882353,160,17.0,102,3,12,3,1,38,1,0,0,0,0,10.623449270675662
2023,AS Joseph,9.375,225,24.0,144,7,17,6,0,63,1,0,0,0,0,10.659017707093854
2026,Mukesh Kumar,11.297872340425533,354,31.333333333333332,188,6,19,16,1,77,1,0,0,1,0,10.662827448139371
2023,KV Sharma,10.372093023255815,223,21.5,129,10,17,3,0,42,3,0,0,0,0,10.668088614364134
2022,Mohammed Siraj,10.137254901960784,517,51.0,306,9,31,28,3,147,0,2,0,1,0,10.744967776520054
2022,Shivam Mavi,10.409090909090908,229,22.0,132,5,13,10,2,57,0,0,0,0,0,10.755239372421427
2024,AD Russell,10.056818181818182,295,29.333333333333332,176,19,20,12,0,80,1,0,0,0,0,10.842868990499174
2026,HH Pandya,11.51470588235294,261,22.666666666666668,136,4,13,15,2,55,0,1,0,0,0,10.861966976724505
2023,JC Archer,9.6,192,20.0,120,2,11,13,2,56,0,0,0,1,0,10.865492844489465
2026,C Green,10.681818181818182,235,22.0,132,7,14,10,1,56,0,0,0,0,0,10.887107662034735
2026,C Bosch,9.768595041322314,197,20.166666666666668,121,12,15,5,2,50,1,1,0,0,0,10.899304329166142
2024,Rasikh Salam,10.979591836734693,269,24.5,147,9,18,9,0,51,2,0,0,0,0,10.9452127378009
2026,N Burger,10.137931034482758,441,43.5,261,14,25,33,1,127,1,0,0,1,0,10.984867248549975
2026,Avesh Khan,11.067567567567567,273,24.666666666666668,148,6,19,8,0,55,2,0,0,0,0,11.065701294477806
2025,Ashwani Kumar,11.414634146341463,234,20.5,123,11,15,9,2,46,2,1,0,0,0,11.090130303563713
2025,AD Russell,12.110091743119265,220,18.166666666666668,109,8,13,5,3,32,1,0,0,1,0,11.112925672838367
2022,Akash Deep,10.991150442477878,207,18.833333333333332,113,5,14,6,2,46,1,0,0,1,0,11.198454500072637
2026,Ashok Sharma,10.904761904761905,229,21.0,126,6,14,11,1,63,0,0,0,0,0,11.206245598633593
2026,SN Thakur,12.363636363636363,272,22.0,132,12,13,18,2,53,2,0,0,0,0,11.253814844074595
2025,M Pathirana,10.159362549800797,425,41.833333333333336,251,13,25,37,1,115,3,0,0,0,0,11.281088861986381
2023,K Rabada,10.173913043478262,234,23.0,138,7,17,8,3,70,0,1,0,0,0,11.313038799319312
2025,Vijaykumar Vyshak,10.705882352941176,182,17.0,102,4,10,15,1,41,1,0,0,0,0,11.355049230718453
2025,PVD Chameera,11.705882352941176,199,17.0,102,4,12,9,1,32,0,0,0,0,0,11.47548878701976
2026,PP Hinge,11.846153846153847,308,26.0,156,14,19,12,3,72,1,0,0,1,0,11.494864020659618
2018,Avesh Khan,10.789473684210526,205,19.0,114,4,17,3,1,46,1,0,0,1,0,11.598451742275868
2026,JA Duffy,11.0,264,24.0,144,9,18,12,1,68,0,0,1,0,0,11.681442469773879
2026,R Shepherd,11.96,299,25.0,150,7,22,8,1,45,0,1,0,0,0,11.826188962609004
2020,AS Rajpoot,11.764705882352942,200,17.0,102,2,12,12,2,46,0,0,0,0,0,11.996218183347677
2024,M Markande,11.818181818181818,260,22.0,132,8,23,10,1,38,2,0,0,0,1,12.506346803374306
2024,A Nortje,13.409090909090908,295,22.0,132,7,22,8,1,47,1,0,0,0,0,12.687350442153834
